rank,file,t_sec,score,U,A,D,n_boxes,n_ambiguous,empty,selected
1,frame_0289.jpg,115.6,0.7435,0.733,0.75,0.76,3,3,False,True
2,frame_0073.jpg,29.2,0.7375,0.475,1.0,1.0,5,4,False,True
3,frame_0022.jpg,8.8,0.7,0.0,0.0,1.0,0,0,True,True
4,frame_0074.jpg,29.6,0.6827,0.5155,0.75,1.0,4,3,False,False
5,frame_0287.jpg,114.8,0.672,0.6221,0.75,0.68,3,3,False,False
6,frame_0294.jpg,117.6,0.6714,0.4548,1.0,0.72,4,4,False,True
7,frame_0205.jpg,82.0,0.644,0.0,0.0,0.72,0,0,True,True
8,frame_0204.jpg,81.6,0.636,0.0,0.0,0.68,0,0,True,False
9,frame_0123.jpg,49.2,0.6334,0.5608,0.75,0.64,4,3,False,True
10,frame_0211.jpg,84.4,0.628,0.0,0.0,0.64,0,0,True,True
11,frame_0015.jpg,6.0,0.6203,0.3907,0.75,1.0,4,3,False,True
12,frame_0212.jpg,84.8,0.62,0.0,0.0,0.6,0,0,True,False
13,frame_0000.jpg,0.0,0.6138,0.3776,0.75,1.0,5,3,False,True
14,frame_0029.jpg,11.6,0.6107,0.3714,0.75,1.0,3,3,False,True
15,frame_0071.jpg,28.4,0.6089,0.3677,0.75,1.0,3,3,False,False
16,frame_0086.jpg,34.4,0.604,0.0,0.0,0.52,0,0,True,True
17,frame_0200.jpg,80.0,0.604,0.0,0.0,0.52,0,0,True,True
18,frame_0072.jpg,28.8,0.5882,0.3264,0.75,1.0,6,3,False,False
19,frame_0001.jpg,0.4,0.5863,0.4727,0.5,1.0,3,2,False,False
20,frame_0197.jpg,78.8,0.58,0.0,0.0,0.4,0,0,True,False
21,frame_0079.jpg,31.6,0.5689,0.3678,0.75,0.8,4,3,False,False
22,frame_0295.jpg,118.0,0.5561,0.3902,0.75,0.68,4,3,False,False
23,frame_0116.jpg,46.4,0.5496,0.5052,0.75,0.36,3,3,False,False
24,frame_0376.jpg,150.4,0.5495,0.4351,1.0,0.16,6,4,False,False
25,frame_0375.jpg,150.0,0.5467,0.4134,1.0,0.2,7,4,False,False
26,frame_0377.jpg,150.8,0.5451,0.4421,1.0,0.12,5,4,False,False
27,frame_0374.jpg,149.6,0.5408,0.4015,1.0,0.2,5,4,False,False
28,frame_0024.jpg,9.6,0.5367,0.5234,0.25,1.0,1,1,False,False
29,frame_0330.jpg,132.0,0.5355,0.4551,1.0,0.04,7,4,False,False
30,frame_0384.jpg,153.6,0.5299,0.3958,1.0,0.16,5,4,False,False
31,frame_0168.jpg,67.2,0.5269,0.3798,0.75,0.56,4,3,False,False
32,frame_0110.jpg,44.0,0.524,0.0,0.0,0.12,0,0,True,False
33,frame_0224.jpg,89.6,0.5217,0.6954,0.5,0.12,3,2,False,False
34,frame_0070.jpg,28.0,0.5205,0.3409,0.5,1.0,5,2,False,False
35,frame_0112.jpg,44.8,0.5191,0.5081,0.75,0.2,3,3,False,False
36,frame_0067.jpg,26.8,0.5176,0.3352,0.5,1.0,2,2,False,False
37,frame_0129.jpg,51.6,0.5146,0.3771,0.5,0.88,5,2,False,False
38,frame_0329.jpg,131.6,0.5117,0.5415,0.75,0.08,5,3,False,False
39,frame_0283.jpg,113.2,0.5095,0.5111,0.5,0.52,2,2,False,False
40,frame_0075.jpg,30.0,0.5089,0.3338,0.5,0.96,4,2,False,False
41,frame_0133.jpg,53.2,0.5065,0.463,0.25,1.0,1,1,False,False
42,frame_0130.jpg,52.0,0.5048,0.3415,0.5,0.92,3,2,False,False
43,frame_0117.jpg,46.8,0.5024,0.5447,0.5,0.4,2,2,False,False
44,frame_0367.jpg,146.8,0.502,0.3721,1.0,0.08,7,4,False,False
45,frame_0131.jpg,52.4,0.5002,0.4664,0.25,0.96,1,1,False,False
46,frame_0275.jpg,110.0,0.4939,0.4578,0.75,0.2,5,3,False,False
47,frame_0281.jpg,112.4,0.4884,0.5007,0.5,0.44,3,2,False,False
48,frame_0025.jpg,10.0,0.4881,0.4262,0.25,1.0,1,1,False,False
49,frame_0078.jpg,31.2,0.4819,0.3278,0.5,0.84,4,2,False,False
50,frame_0122.jpg,48.8,0.4794,0.4189,0.5,0.6,3,2,False,False
51,frame_0332.jpg,132.8,0.4753,0.4847,0.75,0.04,4,3,False,False
52,frame_0318.jpg,127.2,0.4746,0.4032,0.75,0.24,5,3,False,False
53,frame_0013.jpg,5.2,0.4637,0.3774,0.25,1.0,1,1,False,False
54,frame_0011.jpg,4.4,0.4625,0.375,0.25,1.0,2,1,False,False
55,frame_0290.jpg,116.0,0.4619,0.4538,0.25,0.8,4,1,False,False
56,frame_0286.jpg,114.4,0.4606,0.3651,0.5,0.64,3,2,False,False
57,frame_0216.jpg,86.4,0.4562,0.4365,0.5,0.44,2,2,False,False
58,frame_0276.jpg,110.4,0.4547,0.3635,0.75,0.24,6,3,False,False
59,frame_0017.jpg,6.8,0.4522,0.3544,0.25,1.0,2,1,False,False
60,frame_0167.jpg,66.8,0.4516,0.3633,0.5,0.6,4,2,False,False
61,frame_0028.jpg,11.2,0.4506,0.3512,0.25,1.0,1,1,False,False
62,frame_0128.jpg,51.2,0.4479,0.4099,0.25,0.84,4,1,False,False
63,frame_0386.jpg,154.4,0.4467,0.3474,0.75,0.24,4,3,False,False
64,frame_0183.jpg,73.2,0.4407,0.4155,0.75,0.04,4,3,False,False
65,frame_0233.jpg,93.2,0.4403,0.4846,0.5,0.24,2,2,False,False
66,frame_0271.jpg,108.4,0.4388,0.7116,0.25,0.04,1,1,False,False
67,frame_0314.jpg,125.6,0.4334,0.5347,0.5,0.08,2,2,False,False
68,frame_0296.jpg,118.4,0.432,0.308,0.5,0.64,5,2,False,False
69,frame_0101.jpg,40.4,0.4314,0.5308,0.5,0.08,2,2,False,False
70,frame_0198.jpg,79.2,0.4278,0.5296,0.25,0.44,1,1,False,False
71,frame_0170.jpg,68.0,0.4267,0.3615,0.5,0.48,4,2,False,False
72,frame_0124.jpg,49.6,0.4261,0.2802,0.5,0.68,4,2,False,False
73,frame_0031.jpg,12.4,0.4241,0.2982,0.25,1.0,3,1,False,False
74,frame_0076.jpg,30.4,0.4228,0.3275,0.25,0.92,3,1,False,False
75,frame_0208.jpg,83.2,0.4221,0.3902,0.25,0.76,2,1,False,False
76,frame_0032.jpg,12.8,0.4219,0.2939,0.25,1.0,2,1,False,False
77,frame_0030.jpg,12.0,0.4212,0.2923,0.25,1.0,4,1,False,False
78,frame_0014.jpg,5.6,0.4209,0.2917,0.25,1.0,3,1,False,False
79,frame_0333.jpg,133.2,0.4196,0.5073,0.5,0.08,3,2,False,False
80,frame_0027.jpg,10.8,0.4193,0.2885,0.25,1.0,2,1,False,False
81,frame_0020.jpg,8.0,0.4188,0.2876,0.25,1.0,2,1,False,False
82,frame_0299.jpg,119.6,0.4165,0.4751,0.25,0.52,3,1,False,False
83,frame_0291.jpg,116.4,0.4147,0.3434,0.25,0.84,6,1,False,False
84,frame_0306.jpg,122.4,0.4117,0.4274,0.5,0.24,5,2,False,False
85,frame_0297.jpg,118.8,0.4088,0.2777,0.5,0.6,4,2,False,False
86,frame_0304.jpg,121.6,0.4084,0.3888,0.5,0.32,4,2,False,False
87,frame_0169.jpg,67.6,0.4083,0.3086,0.5,0.52,4,2,False,False
88,frame_0280.jpg,112.0,0.4069,0.3539,0.5,0.4,4,2,False,False
89,frame_0174.jpg,69.6,0.405,0.3821,0.5,0.32,2,2,False,False
90,frame_0288.jpg,115.2,0.4044,0.3709,0.25,0.72,4,1,False,False
91,frame_0111.jpg,44.4,0.404,0.444,0.5,0.16,2,2,False,False
92,frame_0026.jpg,10.4,0.4035,0.257,0.25,1.0,2,1,False,False
93,frame_0301.jpg,120.4,0.4017,0.3273,0.5,0.44,5,2,False,False
94,frame_0125.jpg,50.0,0.4012,0.3645,0.25,0.72,3,1,False,False
95,frame_0194.jpg,77.6,0.3998,0.5376,0.25,0.28,1,1,False,False
96,frame_0083.jpg,33.2,0.3996,0.3932,0.25,0.64,1,1,False,False
97,frame_0302.jpg,120.8,0.3967,0.3335,0.5,0.4,4,2,False,False
98,frame_0126.jpg,50.4,0.3939,0.3337,0.25,0.76,3,1,False,False
99,frame_0189.jpg,75.6,0.3927,0.4534,0.5,0.08,2,2,False,False
100,frame_0316.jpg,126.4,0.3917,0.5693,0.25,0.16,2,1,False,False
101,frame_0317.jpg,126.8,0.391,0.4019,0.5,0.2,5,2,False,False
102,frame_0033.jpg,13.2,0.39,0.2299,0.25,1.0,5,1,False,False
103,frame_0077.jpg,30.8,0.3832,0.2644,0.25,0.88,5,1,False,False
104,frame_0176.jpg,70.4,0.3832,0.3705,0.5,0.24,3,2,False,False
105,frame_0091.jpg,36.4,0.3826,0.4872,0.25,0.32,1,1,False,False
106,frame_0121.jpg,48.4,0.3816,0.3891,0.25,0.56,3,1,False,False
107,frame_0008.jpg,3.2,0.3784,0.2067,0.25,1.0,3,1,False,False
108,frame_0184.jpg,73.6,0.3784,0.4247,0.5,0.08,3,2,False,False
109,frame_0225.jpg,90.0,0.3772,0.4224,0.5,0.08,3,2,False,False
110,frame_0004.jpg,1.6,0.3765,0.2029,0.25,1.0,4,1,False,False
111,frame_0088.jpg,35.2,0.376,0.2759,0.5,0.44,3,2,False,False
112,frame_0293.jpg,117.2,0.373,0.2919,0.25,0.76,3,1,False,False
113,frame_0173.jpg,69.2,0.3704,0.2968,0.5,0.36,5,2,False,False
114,frame_0320.jpg,128.0,0.3695,0.3431,0.5,0.24,4,2,False,False
115,frame_0315.jpg,126.0,0.3684,0.3888,0.5,0.12,4,2,False,False
116,frame_0005.jpg,2.0,0.368,0.1861,0.25,1.0,4,1,False,False
117,frame_0127.jpg,50.8,0.3675,0.265,0.25,0.8,3,1,False,False
118,frame_0385.jpg,154.0,0.3664,0.3527,0.5,0.2,3,2,False,False
119,frame_0278.jpg,111.2,0.3636,0.2992,0.5,0.32,5,2,False,False
120,frame_0292.jpg,116.8,0.3587,0.2474,0.25,0.8,5,1,False,False
121,frame_0305.jpg,122.0,0.3558,0.2997,0.5,0.28,3,2,False,False
122,frame_0298.jpg,119.2,0.3557,0.3373,0.25,0.56,3,1,False,False
123,frame_0178.jpg,71.2,0.353,0.492,0.25,0.16,2,1,False,False
124,frame_0209.jpg,83.6,0.3518,0.2656,0.25,0.72,3,1,False,False
125,frame_0223.jpg,89.2,0.3488,0.4837,0.25,0.16,2,1,False,False
126,frame_0232.jpg,92.8,0.3433,0.3065,0.5,0.2,4,2,False,False
127,frame_0093.jpg,37.2,0.3427,0.4394,0.25,0.24,2,1,False,False
128,frame_0210.jpg,84.0,0.3383,0.2546,0.25,0.68,2,1,False,False
129,frame_0230.jpg,92.0,0.3365,0.325,0.5,0.12,5,2,False,False
130,frame_0190.jpg,76.0,0.3347,0.4714,0.25,0.12,1,1,False,False
131,frame_0090.jpg,36.0,0.3302,0.3665,0.25,0.36,2,1,False,False
132,frame_0274.jpg,109.6,0.3268,0.2896,0.5,0.16,6,2,False,False
133,frame_0185.jpg,74.0,0.3251,0.3182,0.5,0.08,4,2,False,False
134,frame_0019.jpg,7.6,0.3249,0.2498,0.0,1.0,1,0,False,False
135,frame_0300.jpg,120.0,0.3232,0.3043,0.25,0.48,4,1,False,False
136,frame_0085.jpg,34.0,0.3212,0.2683,0.25,0.56,2,1,False,False
137,frame_0378.jpg,151.2,0.321,0.31,0.5,0.08,4,2,False,False
138,frame_0397.jpg,158.8,0.32,0.26,0.5,0.2,5,2,False,False
139,frame_0284.jpg,113.6,0.3176,0.2613,0.25,0.56,4,1,False,False
140,frame_0396.jpg,158.4,0.3173,0.2706,0.5,0.16,5,2,False,False
141,frame_0368.jpg,147.2,0.3115,0.307,0.5,0.04,7,2,False,False
142,frame_0393.jpg,157.2,0.3102,0.4544,0.25,0.04,1,1,False,False
143,frame_0087.jpg,34.8,0.3091,0.2761,0.25,0.48,3,1,False,False
144,frame_0282.jpg,112.8,0.3072,0.2723,0.25,0.48,3,1,False,False
145,frame_0021.jpg,8.4,0.3066,0.2132,0.0,1.0,2,0,False,False
146,frame_0373.jpg,149.2,0.3058,0.3977,0.25,0.16,4,1,False,False
147,frame_0006.jpg,2.4,0.305,0.21,0.0,1.0,2,0,False,False
148,frame_0328.jpg,131.2,0.305,0.278,0.5,0.08,6,2,False,False
149,frame_0097.jpg,38.8,0.3048,0.4275,0.25,0.08,3,1,False,False
150,frame_0016.jpg,6.4,0.3045,0.2091,0.0,1.0,3,0,False,False
151,frame_0327.jpg,130.8,0.3042,0.2924,0.5,0.04,6,2,False,False
152,frame_0069.jpg,27.6,0.3038,0.2075,0.0,1.0,4,0,False,False
153,frame_0018.jpg,7.2,0.3037,0.2073,0.0,1.0,3,0,False,False
154,frame_0229.jpg,91.6,0.3029,0.2739,0.5,0.08,3,2,False,False
155,frame_0068.jpg,27.2,0.3024,0.2047,0.0,1.0,3,0,False,False
156,frame_0267.jpg,106.8,0.3005,0.403,0.25,0.12,1,1,False,False
157,frame_0012.jpg,4.8,0.2939,0.1877,0.0,1.0,2,0,False,False
158,frame_0109.jpg,43.6,0.2918,0.4016,0.25,0.08,2,1,False,False
159,frame_0188.jpg,75.2,0.2908,0.2657,0.5,0.04,5,2,False,False
160,frame_0023.jpg,9.2,0.2906,0.1812,0.0,1.0,1,0,False,False
161,frame_0193.jpg,77.2,0.2906,0.3352,0.25,0.24,1,1,False,False
162,frame_0092.jpg,36.8,0.2887,0.3154,0.25,0.28,1,1,False,False
163,frame_0010.jpg,4.0,0.2874,0.1748,0.0,1.0,1,0,False,False
164,frame_0096.jpg,38.4,0.2866,0.3751,0.25,0.12,3,1,False,False
165,frame_0277.jpg,110.8,0.2859,0.3098,0.25,0.28,4,1,False,False
166,frame_0279.jpg,111.6,0.2856,0.2771,0.25,0.36,5,1,False,False
167,frame_0132.jpg,52.8,0.2828,0.1656,0.0,1.0,4,0,False,False
168,frame_0398.jpg,159.2,0.2828,0.3197,0.25,0.24,4,1,False,False
169,frame_0115.jpg,46.0,0.2807,0.2835,0.25,0.32,3,1,False,False
170,frame_0009.jpg,3.6,0.2806,0.1612,0.0,1.0,1,0,False,False
171,frame_0082.jpg,32.8,0.2789,0.2858,0.0,0.68,1,0,False,False
172,frame_0002.jpg,0.8,0.2747,0.1494,0.0,1.0,5,0,False,False
173,frame_0303.jpg,121.2,0.2691,0.2441,0.25,0.36,4,1,False,False
174,frame_0102.jpg,40.8,0.2688,0.3395,0.25,0.12,2,1,False,False
175,frame_0003.jpg,1.2,0.2652,0.1305,0.0,1.0,2,0,False,False
176,frame_0007.jpg,2.8,0.2636,0.1272,0.0,1.0,3,0,False,False
177,frame_0089.jpg,35.6,0.2636,0.2173,0.25,0.4,4,1,False,False
178,frame_0272.jpg,108.8,0.2611,0.3402,0.25,0.08,2,1,False,False
179,frame_0307.jpg,122.8,0.2603,0.2907,0.25,0.2,3,1,False,False
180,frame_0108.jpg,43.2,0.2595,0.3529,0.25,0.04,3,1,False,False
181,frame_0105.jpg,42.0,0.2593,0.3366,0.25,0.08,4,1,False,False
182,frame_0219.jpg,87.6,0.2593,0.2407,0.25,0.32,2,1,False,False
183,frame_0118.jpg,47.2,0.2558,0.1856,0.25,0.44,3,1,False,False
184,frame_0313.jpg,125.2,0.2541,0.3422,0.25,0.04,1,1,False,False
185,frame_0201.jpg,80.4,0.2521,0.2802,0.0,0.56,1,0,False,False
186,frame_0268.jpg,107.2,0.2482,0.3144,0.25,0.08,1,1,False,False
187,frame_0175.jpg,70.0,0.2465,0.2311,0.25,0.28,4,1,False,False
188,frame_0391.jpg,156.4,0.2462,0.3264,0.25,0.04,3,1,False,False
189,frame_0095.jpg,38.0,0.2453,0.2766,0.25,0.16,4,1,False,False
190,frame_0372.jpg,148.8,0.245,0.292,0.25,0.12,3,1,False,False
191,frame_0387.jpg,154.8,0.2449,0.2598,0.25,0.2,7,1,False,False
192,frame_0203.jpg,81.2,0.2442,0.2324,0.0,0.64,1,0,False,False
193,frame_0399.jpg,159.6,0.2441,0.3762,0.0,0.28,3,0,False,False
194,frame_0273.jpg,109.2,0.2415,0.285,0.25,0.12,3,1,False,False
195,frame_0228.jpg,91.2,0.2337,0.3013,0.25,0.04,3,1,False,False
196,frame_0084.jpg,33.6,0.2303,0.2206,0.0,0.6,2,0,False,False
197,frame_0285.jpg,114.0,0.2299,0.2198,0.0,0.6,4,0,False,False
198,frame_0394.jpg,157.6,0.2284,0.2748,0.25,0.08,2,1,False,False
199,frame_0191.jpg,76.4,0.2276,0.2412,0.25,0.16,3,1,False,False
200,frame_0080.jpg,32.0,0.2265,0.149,0.0,0.76,2,0,False,False
201,frame_0119.jpg,47.6,0.2249,0.2578,0.0,0.48,1,0,False,False
202,frame_0177.jpg,70.8,0.2238,0.2175,0.25,0.2,3,1,False,False
203,frame_0206.jpg,82.4,0.2238,0.1436,0.0,0.76,1,0,False,False
204,frame_0098.jpg,39.2,0.2217,0.2773,0.25,0.04,3,1,False,False
205,frame_0226.jpg,90.4,0.2187,0.2713,0.25,0.04,2,1,False,False
206,frame_0172.jpg,68.8,0.2186,0.2772,0.0,0.4,1,0,False,False
207,frame_0106.jpg,42.4,0.2172,0.2685,0.25,0.04,6,1,False,False
208,frame_0207.jpg,82.8,0.2133,0.1066,0.0,0.8,1,0,False,False
209,frame_0389.jpg,155.6,0.2118,0.2256,0.25,0.12,4,1,False,False
210,frame_0081.jpg,32.4,0.2103,0.1327,0.0,0.72,2,0,False,False
211,frame_0388.jpg,155.2,0.2097,0.2053,0.25,0.16,4,1,False,False
212,frame_0202.jpg,80.8,0.2066,0.1731,0.0,0.6,2,0,False,False
213,frame_0215.jpg,86.0,0.2066,0.2212,0.0,0.48,1,0,False,False
214,frame_0381.jpg,152.4,0.2061,0.2462,0.25,0.04,3,1,False,False
215,frame_0390.jpg,156.0,0.2041,0.2262,0.25,0.08,3,1,False,False
216,frame_0269.jpg,107.6,0.2031,0.2401,0.25,0.04,3,1,False,False
217,frame_0311.jpg,124.4,0.2025,0.239,0.25,0.04,2,1,False,False
218,frame_0100.jpg,40.0,0.1998,0.3836,0.0,0.04,3,0,False,False
219,frame_0221.jpg,88.4,0.1962,0.2964,0.0,0.24,1,0,False,False
220,frame_0218.jpg,87.2,0.1866,0.2293,0.0,0.36,2,0,False,False
221,frame_0213.jpg,85.2,0.1852,0.1464,0.0,0.56,1,0,False,False
222,frame_0379.jpg,151.6,0.1847,0.2035,0.25,0.04,7,1,False,False
223,frame_0094.jpg,37.6,0.182,0.2839,0.0,0.2,4,0,False,False
224,frame_0120.jpg,48.0,0.182,0.1561,0.0,0.52,3,0,False,False
225,frame_0171.jpg,68.4,0.1815,0.187,0.0,0.44,2,0,False,False
226,frame_0214.jpg,85.6,0.173,0.138,0.0,0.52,2,0,False,False
227,frame_0186.jpg,74.4,0.1716,0.1772,0.25,0.04,5,1,False,False
228,frame_0323.jpg,129.2,0.1667,0.2854,0.0,0.12,1,0,False,False
229,frame_0220.jpg,88.0,0.165,0.2179,0.0,0.28,2,0,False,False
230,frame_0217.jpg,86.8,0.1623,0.1645,0.0,0.4,2,0,False,False
231,frame_0319.jpg,127.6,0.1609,0.2098,0.0,0.28,2,0,False,False
232,frame_0114.jpg,45.6,0.1573,0.2026,0.0,0.28,2,0,False,False
233,frame_0199.jpg,79.6,0.1529,0.1138,0.0,0.48,1,0,False,False
234,frame_0104.jpg,41.6,0.1498,0.2516,0.0,0.12,2,0,False,False
235,frame_0195.jpg,78.0,0.1497,0.1713,0.0,0.32,2,0,False,False
236,frame_0113.jpg,45.2,0.1452,0.1945,0.0,0.24,4,0,False,False
237,frame_0308.jpg,123.2,0.1447,0.2253,0.0,0.16,4,0,False,False
238,frame_0231.jpg,92.4,0.1417,0.2195,0.0,0.16,5,0,False,False
239,frame_0192.jpg,76.8,0.1404,0.2007,0.0,0.2,2,0,False,False
240,frame_0222.jpg,88.8,0.1372,0.1944,0.0,0.2,4,0,False,False
241,frame_0321.jpg,128.4,0.1361,0.1921,0.0,0.2,2,0,False,False
242,frame_0370.jpg,148.0,0.1335,0.2509,0.0,0.04,3,0,False,False
243,frame_0196.jpg,78.4,0.1315,0.119,0.0,0.36,2,0,False,False
244,frame_0395.jpg,158.0,0.1214,0.1948,0.0,0.12,3,0,False,False
245,frame_0179.jpg,71.6,0.12,0.1921,0.0,0.12,3,0,False,False
246,frame_0382.jpg,152.8,0.1173,0.2027,0.0,0.08,2,0,False,False
247,frame_0322.jpg,128.8,0.1138,0.1635,0.0,0.16,3,0,False,False
248,frame_0383.jpg,153.2,0.1058,0.1637,0.0,0.12,2,0,False,False
249,frame_0103.jpg,41.2,0.1044,0.1448,0.0,0.16,3,0,False,False
250,frame_0310.jpg,124.0,0.0998,0.1677,0.0,0.08,2,0,False,False
251,frame_0309.jpg,123.6,0.0967,0.1453,0.0,0.12,3,0,False,False
252,frame_0181.jpg,72.4,0.0885,0.1611,0.0,0.04,3,0,False,False
253,frame_0371.jpg,148.4,0.0796,0.1273,0.0,0.08,3,0,False,False
254,frame_0180.jpg,72.0,0.0786,0.1253,0.0,0.08,3,0,False,False
255,frame_0324.jpg,129.6,0.0769,0.1219,0.0,0.08,2,0,False,False
256,frame_0325.jpg,130.0,0.0616,0.1072,0.0,0.04,1,0,False,False
